{
  "experiment": "banking-marketing-classification",
  "run_name": "lgbm_optuna",
  "timestamp": "20260410_090539",
  "params": {
    "n_estimators": 950,
    "learning_rate": 0.008521306006851168,
    "num_leaves": 110,
    "min_child_samples": 130,
    "feature_fraction": 0.6232931827415775,
    "bagging_fraction": 0.7528957143076709,
    "bagging_freq": 10,
    "reg_alpha": 9.268568703915875,
    "reg_lambda": 0.619698672912845,
    "model": "LightGBM",
    "n_trials": 30
  },
  "metrics": {
    "val_auc": 0.9487,
    "train_auc": 0.9543,
    "val_accuracy": 0.8878,
    "train_accuracy": 0.8933,
    "val_precision": 0.5009,
    "train_precision": 0.515,
    "val_recall": 0.8873,
    "train_recall": 0.8787,
    "val_ks": 0.79,
    "train_ks": 0.7925,
    "val_gini": 0.8974,
    "train_gini": 0.9086,
    "threshold": 0.2,
    "youden_index": 0.7752,
    "best_youden": 0.7887,
    "overfit_gap_auc": 0.0056
  }
}