{
  "experiment": "banking-marketing-classification",
  "run_name": "lgbm_optuna",
  "timestamp": "20260409_103119",
  "params": {
    "n_estimators": 1600,
    "learning_rate": 0.07093812272415742,
    "num_leaves": 80,
    "min_child_samples": 70,
    "feature_fraction": 0.6346657131440613,
    "bagging_fraction": 0.9037971072017885,
    "bagging_freq": 8,
    "reg_alpha": 9.733714050698767,
    "reg_lambda": 1.614930762991575e-05,
    "model": "LightGBM",
    "n_trials": 30
  },
  "metrics": {
    "val_auc": 0.9512,
    "train_auc": 0.9613,
    "val_accuracy": 0.8909,
    "train_accuracy": 0.8997,
    "val_precision": 0.5088,
    "train_precision": 0.532,
    "val_recall": 0.8889,
    "train_recall": 0.8985,
    "val_ks": 0.7959,
    "train_ks": 0.8077,
    "val_gini": 0.9025,
    "train_gini": 0.9227,
    "threshold": 0.2,
    "youden_index": 0.7801,
    "best_youden": 0.7944,
    "overfit_gap_auc": 0.010099999999999998
  }
}