{
  "experiment": "banking-marketing-classification",
  "run_name": "xgb_optuna",
  "timestamp": "20260409_000437",
  "params": {
    "n_estimators": 450,
    "max_depth": 5,
    "eta": 0.011527134551112086,
    "subsample": 0.7607195996387476,
    "colsample_bytree": 0.8559939916791336,
    "min_child_weight": 33,
    "reg_alpha": 0.002764989400393393,
    "reg_lambda": 3.419918904623122e-05,
    "model": "XGBoost",
    "n_trials": 50
  },
  "metrics": {
    "val_auc": 0.9473343156922968,
    "train_auc": 0.9524298024268146,
    "val_accuracy": 0.9181011052726943,
    "overfit_gap": 0.005095486734517873
  }
}