{
  "experiment": "banking-marketing-classification",
  "run_name": "lgbm_baseline",
  "timestamp": "20260408_232422",
  "params": {
    "objective": "binary",
    "metric": "binary_error",
    "n_estimators": 1000,
    "learning_rate": 0.05,
    "num_leaves": 63,
    "min_child_samples": 20,
    "feature_fraction": 0.8,
    "bagging_fraction": 0.8,
    "bagging_freq": 5,
    "random_state": 42,
    "val_size": 0.2,
    "model": "LGBMClassifier",
    "best_iteration": 107
  },
  "metrics": {
    "train_accuracy": 0.953025910491031,
    "val_accuracy": 0.9170139518028628,
    "overfit_gap": 0.0360119586881682,
    "no_precision": 0.9427602712405265,
    "no_recall": 0.9650877909350756,
    "no_f1": 0.9537933817594835,
    "yes_precision": 0.6613861386138614,
    "yes_recall": 0.537842190016103,
    "yes_f1": 0.5932504440497336,
    "test_positive_rate": 0.09328330758478628
  }
}